{
  "staging": {
    "awscloudformation": {
      "AuthRoleName": "amplify-amplifyd7c97a12092c4-staging-195321-authRole",
      "UnauthRoleArn": "arn:aws:iam::274815321855:role/amplify-amplifyd7c97a12092c4-staging-195321-unauthRole",
      "AuthRoleArn": "arn:aws:iam::274815321855:role/amplify-amplifyd7c97a12092c4-staging-195321-authRole",
      "Region": "us-east-2",
      "DeploymentBucketName": "amplify-amplifyd7c97a12092c4-staging-195321-deployment",
      "UnauthRoleName": "amplify-amplifyd7c97a12092c4-staging-195321-unauthRole",
      "StackName": "amplify-amplifyd7c97a12092c4-staging-195321",
      "StackId": "arn:aws:cloudformation:us-east-2:274815321855:stack/amplify-amplifyd7c97a12092c4-staging-195321/31ec5840-48d5-11ed-8c3d-0a18c39b4f32",
      "AmplifyAppId": "d1h8cxoxt43qka"
    }
  }
}